Student_ID,Audit_Group
Student_0001,Audit_A
Student_0002,Audit_C
Student_0003,Audit_A
Student_0004,Audit_A
Student_0005,Audit_B
Student_0006,Audit_C
Student_0007,Audit_B
Student_0008,Audit_A
Student_0009,Audit_B
Student_0010,Audit_A
Student_0011,Audit_C
Student_0012,Audit_A
Student_0013,Audit_B
Student_0014,Audit_B
Student_0015,Audit_A
Student_0016,Audit_B
Student_0017,Audit_A
Student_0018,Audit_B
Student_0019,Audit_B
Student_0020,Audit_A
Student_0021,Audit_B
Student_0022,Audit_A
Student_0023,Audit_B
Student_0024,Audit_A
Student_0025,Audit_A
Student_0026,Audit_B
Student_0027,Audit_B
Student_0028,Audit_A
Student_0029,Audit_B
Student_0030,Audit_C
Student_0031,Audit_A
Student_0032,Audit_B
Student_0033,Audit_A
Student_0034,Audit_C
Student_0035,Audit_A
Student_0036,Audit_B
Student_0037,Audit_B
Student_0038,Audit_B
Student_0039,Audit_B
Student_0040,Audit_A
Student_0041,Audit_A
Student_0042,Audit_A
Student_0043,Audit_A
Student_0044,Audit_B
Student_0045,Audit_A
Student_0046,Audit_C
Student_0047,Audit_C
Student_0048,Audit_B
Student_0049,Audit_B
Student_0050,Audit_C
Student_0051,Audit_B
Student_0052,Audit_C
Student_0053,Audit_A
Student_0054,Audit_A
Student_0055,Audit_C
Student_0056,Audit_C
Student_0057,Audit_B
Student_0058,Audit_C
Student_0059,Audit_B
Student_0060,Audit_B
Student_0061,Audit_A
Student_0062,Audit_A
Student_0063,Audit_A
Student_0064,Audit_A
Student_0065,Audit_B
Student_0066,Audit_A
Student_0067,Audit_C
Student_0068,Audit_B
Student_0069,Audit_A
Student_0070,Audit_B
Student_0071,Audit_B
Student_0072,Audit_A
Student_0073,Audit_C
Student_0074,Audit_B
Student_0075,Audit_C
Student_0076,Audit_A
Student_0077,Audit_A
Student_0078,Audit_A
Student_0079,Audit_B
Student_0080,Audit_B
Student_0081,Audit_A
Student_0082,Audit_A
Student_0083,Audit_A
Student_0084,Audit_B
Student_0085,Audit_A
Student_0086,Audit_B
Student_0087,Audit_A
Student_0088,Audit_A
Student_0089,Audit_C
Student_0090,Audit_B
Student_0091,Audit_B
Student_0092,Audit_B
Student_0093,Audit_A
Student_0094,Audit_A
Student_0095,Audit_B
Student_0096,Audit_A
Student_0097,Audit_C
Student_0098,Audit_A
Student_0099,Audit_C
Student_0100,Audit_A
Student_0101,Audit_A
Student_0102,Audit_A
Student_0103,Audit_C
Student_0104,Audit_A
Student_0105,Audit_A
Student_0106,Audit_B
Student_0107,Audit_C
Student_0108,Audit_C
Student_0109,Audit_B
Student_0110,Audit_B
Student_0111,Audit_B
Student_0112,Audit_B
Student_0113,Audit_B
Student_0114,Audit_C
Student_0115,Audit_B
Student_0116,Audit_A
Student_0117,Audit_C
Student_0118,Audit_C
Student_0119,Audit_A
Student_0120,Audit_C
Student_0121,Audit_A
Student_0122,Audit_A
Student_0123,Audit_C
Student_0124,Audit_A
Student_0125,Audit_A
Student_0126,Audit_A
Student_0127,Audit_C
Student_0128,Audit_B
Student_0129,Audit_B
Student_0130,Audit_A
Student_0131,Audit_B
Student_0132,Audit_A
Student_0133,Audit_A
Student_0134,Audit_A
Student_0135,Audit_C
Student_0136,Audit_B
Student_0137,Audit_A
Student_0138,Audit_A
Student_0139,Audit_B
Student_0140,Audit_B
Student_0141,Audit_C
Student_0142,Audit_B
Student_0143,Audit_B
Student_0144,Audit_B
Student_0145,Audit_C
Student_0146,Audit_A
Student_0147,Audit_A
Student_0148,Audit_A
Student_0149,Audit_B
Student_0150,Audit_B
Student_0151,Audit_C
Student_0152,Audit_A
Student_0153,Audit_A
Student_0154,Audit_A
Student_0155,Audit_A
Student_0156,Audit_A
Student_0157,Audit_A
Student_0158,Audit_A
Student_0159,Audit_C
Student_0160,Audit_A
Student_0161,Audit_C
Student_0162,Audit_B
Student_0163,Audit_B
Student_0164,Audit_A
Student_0165,Audit_A
Student_0166,Audit_A
Student_0167,Audit_A
Student_0168,Audit_B
Student_0169,Audit_B
Student_0170,Audit_A
Student_0171,Audit_B
Student_0172,Audit_A
Student_0173,Audit_A
Student_0174,Audit_A
Student_0175,Audit_A
Student_0176,Audit_A
Student_0177,Audit_B
Student_0178,Audit_B
Student_0179,Audit_A
Student_0180,Audit_A
Student_0181,Audit_C
Student_0182,Audit_A
Student_0183,Audit_C
Student_0184,Audit_A
Student_0185,Audit_B
Student_0186,Audit_C
Student_0187,Audit_C
Student_0188,Audit_A
Student_0189,Audit_A
Student_0190,Audit_A
Student_0191,Audit_C
Student_0192,Audit_A
Student_0193,Audit_A
Student_0194,Audit_A
Student_0195,Audit_C
Student_0196,Audit_B
Student_0197,Audit_B
Student_0198,Audit_A
Student_0199,Audit_C
Student_0200,Audit_A
Student_0201,Audit_A
Student_0202,Audit_C
Student_0203,Audit_B
Student_0204,Audit_C
Student_0205,Audit_A
Student_0206,Audit_B
Student_0207,Audit_C
Student_0208,Audit_B
Student_0209,Audit_A
Student_0210,Audit_B
Student_0211,Audit_B
Student_0212,Audit_B
Student_0213,Audit_C
Student_0214,Audit_B
Student_0215,Audit_A
Student_0216,Audit_B
Student_0217,Audit_A
Student_0218,Audit_B
Student_0219,Audit_A
Student_0220,Audit_A
Student_0221,Audit_C
Student_0222,Audit_A
Student_0223,Audit_A
Student_0224,Audit_C
Student_0225,Audit_B
Student_0226,Audit_C
Student_0227,Audit_B
Student_0228,Audit_A
Student_0229,Audit_A
Student_0230,Audit_C
Student_0231,Audit_B
Student_0232,Audit_A
Student_0233,Audit_A
Student_0234,Audit_A
Student_0235,Audit_B
Student_0236,Audit_C
Student_0237,Audit_B
Student_0238,Audit_B
Student_0239,Audit_A
Student_0240,Audit_A
Student_0241,Audit_A
Student_0242,Audit_A
Student_0243,Audit_A
Student_0244,Audit_A
Student_0245,Audit_A
Student_0246,Audit_B
Student_0247,Audit_A
Student_0248,Audit_C
Student_0249,Audit_B
Student_0250,Audit_B
Student_0251,Audit_C
Student_0252,Audit_A
Student_0253,Audit_B
Student_0254,Audit_B
Student_0255,Audit_B
Student_0256,Audit_A
Student_0257,Audit_C
Student_0258,Audit_A
Student_0259,Audit_A
Student_0260,Audit_A
Student_0261,Audit_B
Student_0262,Audit_A
Student_0263,Audit_B
Student_0264,Audit_A
Student_0265,Audit_C
Student_0266,Audit_A
Student_0267,Audit_A
Student_0268,Audit_A
Student_0269,Audit_C
Student_0270,Audit_B
Student_0271,Audit_B
Student_0272,Audit_A
Student_0273,Audit_C
Student_0274,Audit_A
Student_0275,Audit_B
Student_0276,Audit_C
Student_0277,Audit_C
Student_0278,Audit_C
Student_0279,Audit_B
Student_0280,Audit_A
Student_0281,Audit_B
Student_0282,Audit_B
Student_0283,Audit_C
Student_0284,Audit_C
Student_0285,Audit_B
Student_0286,Audit_A
Student_0287,Audit_B
Student_0288,Audit_C
Student_0289,Audit_A
Student_0290,Audit_C
Student_0291,Audit_A
Student_0292,Audit_C
Student_0293,Audit_A
Student_0294,Audit_B
Student_0295,Audit_A
Student_0296,Audit_B
Student_0297,Audit_A
Student_0298,Audit_A
Student_0299,Audit_A
Student_0300,Audit_A
Student_0301,Audit_B
Student_0302,Audit_B
Student_0303,Audit_B
Student_0304,Audit_B
Student_0305,Audit_C
Student_0306,Audit_B
Student_0307,Audit_A
Student_0308,Audit_A
Student_0309,Audit_B
Student_0310,Audit_A
Student_0311,Audit_B
Student_0312,Audit_A
Student_0313,Audit_A
Student_0314,Audit_B
Student_0315,Audit_C
Student_0316,Audit_B
Student_0317,Audit_A
Student_0318,Audit_C
Student_0319,Audit_C
Student_0320,Audit_B
Student_0321,Audit_A
Student_0322,Audit_C
Student_0323,Audit_A
Student_0324,Audit_B
Student_0325,Audit_A
Student_0326,Audit_A
Student_0327,Audit_B
Student_0328,Audit_A
Student_0329,Audit_C
Student_0330,Audit_A
Student_0331,Audit_B
Student_0332,Audit_A
Student_0333,Audit_A
Student_0334,Audit_A
Student_0335,Audit_A
Student_0336,Audit_B
Student_0337,Audit_A
Student_0338,Audit_A
Student_0339,Audit_B
Student_0340,Audit_A
Student_0341,Audit_C
Student_0342,Audit_C
Student_0343,Audit_C
Student_0344,Audit_B
Student_0345,Audit_B
Student_0346,Audit_B
Student_0347,Audit_A
Student_0348,Audit_B
Student_0349,Audit_B
Student_0350,Audit_B
Student_0351,Audit_B
Student_0352,Audit_A
Student_0353,Audit_A
Student_0354,Audit_B
Student_0355,Audit_A
Student_0356,Audit_A
Student_0357,Audit_B
Student_0358,Audit_A
Student_0359,Audit_A
Student_0360,Audit_C
Student_0361,Audit_B
Student_0362,Audit_C
Student_0363,Audit_A
Student_0364,Audit_B
Student_0365,Audit_C
Student_0366,Audit_B
Student_0367,Audit_B
Student_0368,Audit_B
Student_0369,Audit_A
Student_0370,Audit_A
Student_0371,Audit_A
Student_0372,Audit_B
Student_0373,Audit_A
Student_0374,Audit_C
Student_0375,Audit_A
Student_0376,Audit_A
Student_0377,Audit_A
Student_0378,Audit_A
Student_0379,Audit_B
Student_0380,Audit_B
Student_0381,Audit_C
Student_0382,Audit_A
Student_0383,Audit_A
Student_0384,Audit_B
Student_0385,Audit_C
Student_0386,Audit_C
Student_0387,Audit_B
Student_0388,Audit_B
Student_0389,Audit_A
Student_0390,Audit_B
Student_0391,Audit_A
Student_0392,Audit_B
Student_0393,Audit_A
Student_0394,Audit_C
Student_0395,Audit_B
Student_0396,Audit_B
Student_0397,Audit_A
Student_0398,Audit_A
Student_0399,Audit_A
Student_0400,Audit_C
Student_0401,Audit_C
Student_0402,Audit_A
Student_0403,Audit_B
Student_0404,Audit_B
Student_0405,Audit_A
Student_0406,Audit_A
Student_0407,Audit_A
Student_0408,Audit_A
Student_0409,Audit_A
Student_0410,Audit_C
Student_0411,Audit_B
Student_0412,Audit_A
Student_0413,Audit_B
Student_0414,Audit_A
Student_0415,Audit_A
Student_0416,Audit_A
Student_0417,Audit_B
Student_0418,Audit_A
Student_0419,Audit_A
Student_0420,Audit_A
Student_0421,Audit_C
Student_0422,Audit_A
Student_0423,Audit_C
Student_0424,Audit_A
Student_0425,Audit_A
Student_0426,Audit_C
Student_0427,Audit_A
Student_0428,Audit_C
Student_0429,Audit_A
Student_0430,Audit_A
Student_0431,Audit_B
Student_0432,Audit_A
Student_0433,Audit_C
Student_0434,Audit_A
Student_0435,Audit_B
Student_0436,Audit_C
Student_0437,Audit_A
Student_0438,Audit_A
Student_0439,Audit_A
Student_0440,Audit_A
Student_0441,Audit_A
Student_0442,Audit_A
Student_0443,Audit_B
Student_0444,Audit_C
Student_0445,Audit_A
Student_0446,Audit_A
Student_0447,Audit_B
Student_0448,Audit_A
Student_0449,Audit_B
Student_0450,Audit_B
Student_0451,Audit_A
Student_0452,Audit_A
Student_0453,Audit_B
Student_0454,Audit_B
Student_0455,Audit_B
Student_0456,Audit_A
Student_0457,Audit_A
Student_0458,Audit_A
Student_0459,Audit_B
Student_0460,Audit_B
Student_0461,Audit_A
Student_0462,Audit_B
Student_0463,Audit_B
Student_0464,Audit_A
Student_0465,Audit_A
Student_0466,Audit_B
Student_0467,Audit_B
Student_0468,Audit_A
Student_0469,Audit_A
Student_0470,Audit_A
Student_0471,Audit_A
Student_0472,Audit_B
Student_0473,Audit_B
Student_0474,Audit_B
Student_0475,Audit_A
Student_0476,Audit_C
Student_0477,Audit_A
Student_0478,Audit_C
Student_0479,Audit_B
Student_0480,Audit_C
Student_0481,Audit_A
Student_0482,Audit_B
Student_0483,Audit_A
Student_0484,Audit_A
Student_0485,Audit_A
Student_0486,Audit_C
Student_0487,Audit_B
Student_0488,Audit_C
Student_0489,Audit_B
Student_0490,Audit_A
Student_0491,Audit_A
Student_0492,Audit_B
Student_0493,Audit_B
Student_0494,Audit_B
Student_0495,Audit_A
Student_0496,Audit_B
Student_0497,Audit_A
Student_0498,Audit_B
Student_0499,Audit_B
Student_0500,Audit_B
Student_0501,Audit_A
Student_0502,Audit_B
Student_0503,Audit_B
Student_0504,Audit_A
Student_0505,Audit_A
Student_0506,Audit_B
Student_0507,Audit_A
Student_0508,Audit_A
Student_0509,Audit_A
Student_0510,Audit_A
Student_0511,Audit_A
Student_0512,Audit_A
Student_0513,Audit_C
Student_0514,Audit_A
Student_0515,Audit_A
Student_0516,Audit_B
Student_0517,Audit_A
Student_0518,Audit_A
Student_0519,Audit_C
Student_0520,Audit_A
Student_0521,Audit_A
Student_0522,Audit_A
Student_0523,Audit_B
Student_0524,Audit_B
Student_0525,Audit_C
Student_0526,Audit_B
Student_0527,Audit_A
Student_0528,Audit_B
Student_0529,Audit_A
Student_0530,Audit_A
Student_0531,Audit_A
Student_0532,Audit_B
Student_0533,Audit_A
Student_0534,Audit_A
Student_0535,Audit_B
Student_0536,Audit_A
Student_0537,Audit_A
Student_0538,Audit_A
Student_0539,Audit_A
Student_0540,Audit_A
Student_0541,Audit_C
Student_0542,Audit_B
Student_0543,Audit_B
Student_0544,Audit_B
Student_0545,Audit_A
Student_0546,Audit_B
Student_0547,Audit_C
Student_0548,Audit_B
Student_0549,Audit_B
Student_0550,Audit_A
Student_0551,Audit_B
Student_0552,Audit_A
Student_0553,Audit_B
Student_0554,Audit_A
Student_0555,Audit_B
Student_0556,Audit_A
Student_0557,Audit_A
Student_0558,Audit_A
Student_0559,Audit_A
Student_0560,Audit_A
Student_0561,Audit_B
Student_0562,Audit_A
Student_0563,Audit_A
Student_0564,Audit_A
Student_0565,Audit_B
Student_0566,Audit_A
Student_0567,Audit_B
Student_0568,Audit_B
Student_0569,Audit_B
Student_0570,Audit_C
Student_0571,Audit_C
Student_0572,Audit_C
Student_0573,Audit_A
Student_0574,Audit_C
Student_0575,Audit_B
Student_0576,Audit_C
Student_0577,Audit_B
Student_0578,Audit_A
Student_0579,Audit_A
Student_0580,Audit_A
Student_0581,Audit_A
Student_0582,Audit_A
Student_0583,Audit_A
Student_0584,Audit_B
Student_0585,Audit_A
Student_0586,Audit_B
Student_0587,Audit_B
Student_0588,Audit_A
Student_0589,Audit_A
Student_0590,Audit_C
Student_0591,Audit_B
Student_0592,Audit_B
Student_0593,Audit_A
Student_0594,Audit_B
Student_0595,Audit_B
Student_0596,Audit_A
Student_0597,Audit_B
Student_0598,Audit_B
Student_0599,Audit_B
Student_0600,Audit_B
Student_0601,Audit_A
Student_0602,Audit_B
Student_0603,Audit_C
Student_0604,Audit_B
Student_0605,Audit_B
Student_0606,Audit_C
Student_0607,Audit_B
Student_0608,Audit_C
Student_0609,Audit_B
Student_0610,Audit_C
Student_0611,Audit_B
Student_0612,Audit_C
Student_0613,Audit_B
Student_0614,Audit_B
Student_0615,Audit_A
Student_0616,Audit_B
Student_0617,Audit_B
Student_0618,Audit_A
Student_0619,Audit_A
Student_0620,Audit_B
Student_0621,Audit_B
Student_0622,Audit_A
Student_0623,Audit_B
Student_0624,Audit_B
Student_0625,Audit_A
Student_0626,Audit_C
Student_0627,Audit_B
Student_0628,Audit_C
Student_0629,Audit_B
Student_0630,Audit_C
Student_0631,Audit_B
Student_0632,Audit_A
Student_0633,Audit_A
Student_0634,Audit_C
Student_0635,Audit_A
Student_0636,Audit_A
Student_0637,Audit_B
Student_0638,Audit_B
Student_0639,Audit_A
Student_0640,Audit_B
Student_0641,Audit_A
Student_0642,Audit_B
Student_0643,Audit_A
Student_0644,Audit_B
Student_0645,Audit_C
Student_0646,Audit_C
Student_0647,Audit_B
Student_0648,Audit_A
Student_0649,Audit_C
Student_0650,Audit_B
Student_0651,Audit_A
Student_0652,Audit_B
Student_0653,Audit_A
Student_0654,Audit_B
Student_0655,Audit_A
Student_0656,Audit_C
Student_0657,Audit_B
Student_0658,Audit_B
Student_0659,Audit_A
Student_0660,Audit_C
Student_0661,Audit_A
Student_0662,Audit_B
Student_0663,Audit_B
Student_0664,Audit_C
Student_0665,Audit_C
Student_0666,Audit_A
Student_0667,Audit_A
Student_0668,Audit_B
Student_0669,Audit_C
Student_0670,Audit_C
Student_0671,Audit_C
Student_0672,Audit_A
Student_0673,Audit_A
Student_0674,Audit_C
Student_0675,Audit_C
Student_0676,Audit_A
Student_0677,Audit_A
Student_0678,Audit_C
Student_0679,Audit_B
Student_0680,Audit_A
Student_0681,Audit_C
Student_0682,Audit_C
Student_0683,Audit_B
Student_0684,Audit_A
Student_0685,Audit_A
Student_0686,Audit_A
Student_0687,Audit_A
Student_0688,Audit_A
Student_0689,Audit_B
Student_0690,Audit_A
Student_0691,Audit_B
Student_0692,Audit_B
Student_0693,Audit_A
Student_0694,Audit_A
Student_0695,Audit_C
Student_0696,Audit_B
Student_0697,Audit_C
Student_0698,Audit_A
Student_0699,Audit_A
Student_0700,Audit_B
Student_0701,Audit_A
Student_0702,Audit_C
Student_0703,Audit_C
Student_0704,Audit_C
Student_0705,Audit_A
Student_0706,Audit_B
Student_0707,Audit_B
Student_0708,Audit_C
Student_0709,Audit_B
Student_0710,Audit_A
Student_0711,Audit_B
Student_0712,Audit_B
Student_0713,Audit_A
Student_0714,Audit_B
Student_0715,Audit_B
Student_0716,Audit_C
Student_0717,Audit_C
Student_0718,Audit_B
Student_0719,Audit_A
Student_0720,Audit_B
Student_0721,Audit_B
Student_0722,Audit_B
Student_0723,Audit_A
Student_0724,Audit_A
Student_0725,Audit_C
Student_0726,Audit_A
Student_0727,Audit_B
Student_0728,Audit_C
Student_0729,Audit_A
Student_0730,Audit_B
Student_0731,Audit_B
Student_0732,Audit_A
Student_0733,Audit_C
Student_0734,Audit_A
Student_0735,Audit_C
Student_0736,Audit_B
Student_0737,Audit_C
Student_0738,Audit_A
Student_0739,Audit_B
Student_0740,Audit_B
Student_0741,Audit_B
Student_0742,Audit_C
Student_0743,Audit_C
Student_0744,Audit_A
Student_0745,Audit_B
Student_0746,Audit_C
Student_0747,Audit_C
Student_0748,Audit_A
Student_0749,Audit_B
Student_0750,Audit_A
Student_0751,Audit_A
Student_0752,Audit_B
Student_0753,Audit_A
Student_0754,Audit_C
Student_0755,Audit_A
Student_0756,Audit_C
Student_0757,Audit_B
Student_0758,Audit_B
Student_0759,Audit_C
Student_0760,Audit_A
Student_0761,Audit_A
Student_0762,Audit_C
Student_0763,Audit_C
Student_0764,Audit_B
Student_0765,Audit_B
Student_0766,Audit_B
Student_0767,Audit_B
Student_0768,Audit_C
Student_0769,Audit_C
Student_0770,Audit_B
Student_0771,Audit_A
Student_0772,Audit_B
Student_0773,Audit_B
Student_0774,Audit_C
Student_0775,Audit_C
Student_0776,Audit_C
Student_0777,Audit_B
Student_0778,Audit_A
Student_0779,Audit_C
Student_0780,Audit_B
Student_0781,Audit_A
Student_0782,Audit_A
Student_0783,Audit_C
Student_0784,Audit_B
Student_0785,Audit_A
Student_0786,Audit_A
Student_0787,Audit_B
Student_0788,Audit_A
Student_0789,Audit_C
Student_0790,Audit_B
Student_0791,Audit_A
Student_0792,Audit_B
Student_0793,Audit_B
Student_0794,Audit_B
Student_0795,Audit_C
Student_0796,Audit_C
Student_0797,Audit_A
Student_0798,Audit_A
Student_0799,Audit_A
Student_0800,Audit_B
Student_0801,Audit_A
Student_0802,Audit_C
Student_0803,Audit_A
Student_0804,Audit_C
Student_0805,Audit_A
Student_0806,Audit_A
Student_0807,Audit_B
Student_0808,Audit_A
Student_0809,Audit_B
Student_0810,Audit_C
Student_0811,Audit_A
Student_0812,Audit_B
Student_0813,Audit_B
Student_0814,Audit_B
Student_0815,Audit_B
Student_0816,Audit_A
Student_0817,Audit_C
Student_0818,Audit_A
Student_0819,Audit_B
Student_0820,Audit_B
Student_0821,Audit_A
Student_0822,Audit_B
Student_0823,Audit_C
Student_0824,Audit_A
Student_0825,Audit_B
Student_0826,Audit_A
Student_0827,Audit_B
Student_0828,Audit_A
Student_0829,Audit_A
Student_0830,Audit_A
Student_0831,Audit_A
Student_0832,Audit_B
Student_0833,Audit_B
Student_0834,Audit_B
Student_0835,Audit_A
Student_0836,Audit_A
Student_0837,Audit_B
Student_0838,Audit_A
Student_0839,Audit_A
Student_0840,Audit_B
Student_0841,Audit_A
Student_0842,Audit_C
Student_0843,Audit_C
Student_0844,Audit_A
Student_0845,Audit_A
Student_0846,Audit_C
Student_0847,Audit_A
Student_0848,Audit_C
Student_0849,Audit_A
Student_0850,Audit_B
Student_0851,Audit_C
Student_0852,Audit_B
Student_0853,Audit_A
Student_0854,Audit_C
Student_0855,Audit_A
Student_0856,Audit_A
Student_0857,Audit_A
Student_0858,Audit_C
Student_0859,Audit_B
Student_0860,Audit_A
Student_0861,Audit_B
Student_0862,Audit_B
Student_0863,Audit_A
Student_0864,Audit_A
Student_0865,Audit_B
Student_0866,Audit_A
Student_0867,Audit_C
Student_0868,Audit_B
Student_0869,Audit_A
Student_0870,Audit_A
Student_0871,Audit_C
Student_0872,Audit_A
Student_0873,Audit_C
Student_0874,Audit_B
Student_0875,Audit_A
Student_0876,Audit_A
Student_0877,Audit_A
Student_0878,Audit_A
Student_0879,Audit_A
Student_0880,Audit_C
Student_0881,Audit_B
Student_0882,Audit_B
Student_0883,Audit_A
Student_0884,Audit_A
Student_0885,Audit_B
Student_0886,Audit_A
Student_0887,Audit_B
Student_0888,Audit_B
Student_0889,Audit_A
Student_0890,Audit_B
Student_0891,Audit_A
Student_0892,Audit_A
Student_0893,Audit_A
Student_0894,Audit_A
Student_0895,Audit_A
Student_0896,Audit_B
Student_0897,Audit_A
Student_0898,Audit_A
Student_0899,Audit_B
Student_0900,Audit_B
Student_0901,Audit_A
Student_0902,Audit_A
Student_0903,Audit_A
Student_0904,Audit_B
Student_0905,Audit_C
Student_0906,Audit_B
Student_0907,Audit_B
Student_0908,Audit_B
Student_0909,Audit_B
Student_0910,Audit_A
Student_0911,Audit_B
Student_0912,Audit_B
Student_0913,Audit_C
Student_0914,Audit_A
Student_0915,Audit_A
Student_0916,Audit_A
Student_0917,Audit_A
Student_0918,Audit_B
Student_0919,Audit_A
Student_0920,Audit_B
Student_0921,Audit_A
Student_0922,Audit_C
Student_0923,Audit_C
Student_0924,Audit_A
Student_0925,Audit_B
Student_0926,Audit_A
Student_0927,Audit_A
Student_0928,Audit_A
Student_0929,Audit_B
Student_0930,Audit_A
Student_0931,Audit_A
Student_0932,Audit_C
Student_0933,Audit_A
Student_0934,Audit_B
Student_0935,Audit_A
Student_0936,Audit_A
Student_0937,Audit_C
Student_0938,Audit_A
Student_0939,Audit_B
Student_0940,Audit_B
Student_0941,Audit_B
Student_0942,Audit_B
Student_0943,Audit_A
Student_0944,Audit_B
Student_0945,Audit_C
Student_0946,Audit_C
Student_0947,Audit_B
Student_0948,Audit_B
Student_0949,Audit_A
Student_0950,Audit_A
Student_0951,Audit_A
Student_0952,Audit_A
Student_0953,Audit_A
Student_0954,Audit_A
Student_0955,Audit_A
Student_0956,Audit_C
Student_0957,Audit_A
Student_0958,Audit_A
Student_0959,Audit_C
Student_0960,Audit_A
Student_0961,Audit_A
Student_0962,Audit_B
Student_0963,Audit_A
Student_0964,Audit_A
Student_0965,Audit_B
Student_0966,Audit_B
Student_0967,Audit_A
Student_0968,Audit_A
Student_0969,Audit_C
Student_0970,Audit_B
Student_0971,Audit_A
Student_0972,Audit_A
Student_0973,Audit_A
Student_0974,Audit_A
Student_0975,Audit_B
Student_0976,Audit_A
Student_0977,Audit_A
Student_0978,Audit_B
Student_0979,Audit_A
Student_0980,Audit_B
Student_0981,Audit_B
Student_0982,Audit_A
Student_0983,Audit_A
Student_0984,Audit_B
Student_0985,Audit_B
Student_0986,Audit_B
Student_0987,Audit_C
Student_0988,Audit_A
Student_0989,Audit_C
Student_0990,Audit_B
Student_0991,Audit_A
Student_0992,Audit_B
Student_0993,Audit_A
Student_0994,Audit_B
Student_0995,Audit_A
Student_0996,Audit_A
Student_0997,Audit_A
Student_0998,Audit_C
Student_0999,Audit_A
Student_1000,Audit_A
Student_1001,Audit_B
Student_1002,Audit_A
Student_1003,Audit_B
Student_1004,Audit_A
Student_1005,Audit_C
Student_1006,Audit_C
Student_1007,Audit_B
Student_1008,Audit_B
Student_1009,Audit_A
Student_1010,Audit_A
Student_1011,Audit_B
Student_1012,Audit_B
Student_1013,Audit_A
Student_1014,Audit_B
Student_1015,Audit_B
Student_1016,Audit_C
Student_1017,Audit_A
Student_1018,Audit_B
Student_1019,Audit_C
Student_1020,Audit_A
Student_1021,Audit_A
Student_1022,Audit_A
Student_1023,Audit_A
Student_1024,Audit_A
Student_1025,Audit_C
Student_1026,Audit_A
Student_1027,Audit_A
Student_1028,Audit_A
Student_1029,Audit_C
Student_1030,Audit_A
Student_1031,Audit_C
Student_1032,Audit_C
Student_1033,Audit_C
Student_1034,Audit_C
Student_1035,Audit_A
Student_1036,Audit_B
Student_1037,Audit_A
Student_1038,Audit_A
Student_1039,Audit_A
Student_1040,Audit_C
Student_1041,Audit_A
Student_1042,Audit_B
Student_1043,Audit_B
Student_1044,Audit_C
Student_1045,Audit_C
Student_1046,Audit_A
Student_1047,Audit_A
Student_1048,Audit_B
Student_1049,Audit_A
Student_1050,Audit_C
Student_1051,Audit_A
Student_1052,Audit_C
Student_1053,Audit_A
Student_1054,Audit_A
Student_1055,Audit_A
Student_1056,Audit_B
Student_1057,Audit_B
Student_1058,Audit_B
Student_1059,Audit_A
Student_1060,Audit_C
Student_1061,Audit_A
Student_1062,Audit_B
Student_1063,Audit_C
Student_1064,Audit_A
Student_1065,Audit_A
Student_1066,Audit_B
Student_1067,Audit_A
Student_1068,Audit_A
Student_1069,Audit_A
Student_1070,Audit_C
Student_1071,Audit_A
Student_1072,Audit_A
Student_1073,Audit_A
Student_1074,Audit_C
Student_1075,Audit_B
Student_1076,Audit_A
Student_1077,Audit_B
Student_1078,Audit_B
Student_1079,Audit_A
Student_1080,Audit_A
Student_1081,Audit_B
Student_1082,Audit_C
Student_1083,Audit_A
Student_1084,Audit_A
Student_1085,Audit_A
Student_1086,Audit_B
Student_1087,Audit_A
Student_1088,Audit_B
Student_1089,Audit_A
Student_1090,Audit_A
Student_1091,Audit_C
Student_1092,Audit_B
Student_1093,Audit_C
Student_1094,Audit_A
Student_1095,Audit_B
Student_1096,Audit_B
Student_1097,Audit_B
Student_1098,Audit_B
Student_1099,Audit_A
Student_1100,Audit_A
Student_1101,Audit_A
Student_1102,Audit_A
Student_1103,Audit_B
Student_1104,Audit_C
Student_1105,Audit_B
Student_1106,Audit_A
Student_1107,Audit_A
Student_1108,Audit_A
Student_1109,Audit_A
Student_1110,Audit_C
Student_1111,Audit_C
Student_1112,Audit_A
Student_1113,Audit_C
Student_1114,Audit_C
Student_1115,Audit_A
Student_1116,Audit_B
Student_1117,Audit_C
Student_1118,Audit_A
Student_1119,Audit_B
Student_1120,Audit_B
Student_1121,Audit_A
Student_1122,Audit_B
Student_1123,Audit_A
Student_1124,Audit_B
Student_1125,Audit_A
Student_1126,Audit_B
Student_1127,Audit_B
Student_1128,Audit_A
Student_1129,Audit_A
Student_1130,Audit_A
Student_1131,Audit_A
Student_1132,Audit_B
Student_1133,Audit_A
Student_1134,Audit_A
Student_1135,Audit_A
Student_1136,Audit_C
Student_1137,Audit_B
Student_1138,Audit_A
Student_1139,Audit_C
Student_1140,Audit_B
Student_1141,Audit_B
Student_1142,Audit_B
Student_1143,Audit_A
Student_1144,Audit_A
Student_1145,Audit_B
Student_1146,Audit_B
Student_1147,Audit_A
Student_1148,Audit_B
Student_1149,Audit_A
Student_1150,Audit_A
Student_1151,Audit_B
Student_1152,Audit_C
Student_1153,Audit_C
Student_1154,Audit_A
Student_1155,Audit_A
Student_1156,Audit_B
Student_1157,Audit_A
Student_1158,Audit_A
Student_1159,Audit_A
Student_1160,Audit_C
Student_1161,Audit_A
Student_1162,Audit_B
Student_1163,Audit_A
Student_1164,Audit_B
Student_1165,Audit_B
Student_1166,Audit_C
Student_1167,Audit_A
Student_1168,Audit_B
Student_1169,Audit_A
Student_1170,Audit_A
Student_1171,Audit_A
Student_1172,Audit_A
Student_1173,Audit_A
Student_1174,Audit_C
Student_1175,Audit_A
Student_1176,Audit_A
Student_1177,Audit_A
Student_1178,Audit_A
Student_1179,Audit_B
Student_1180,Audit_B
Student_1181,Audit_B
Student_1182,Audit_B
Student_1183,Audit_C
Student_1184,Audit_C
Student_1185,Audit_A
Student_1186,Audit_C
Student_1187,Audit_B
Student_1188,Audit_A
Student_1189,Audit_B
Student_1190,Audit_A
Student_1191,Audit_C
Student_1192,Audit_B
Student_1193,Audit_B
Student_1194,Audit_C
Student_1195,Audit_A
Student_1196,Audit_B
Student_1197,Audit_C
Student_1198,Audit_A
Student_1199,Audit_B
Student_1200,Audit_B
Student_1201,Audit_B
Student_1202,Audit_A
Student_1203,Audit_A
Student_1204,Audit_A
Student_1205,Audit_B
Student_1206,Audit_B
Student_1207,Audit_A
Student_1208,Audit_C
Student_1209,Audit_C
Student_1210,Audit_A
Student_1211,Audit_B
Student_1212,Audit_C
Student_1213,Audit_B
Student_1214,Audit_B
Student_1215,Audit_C
Student_1216,Audit_A
Student_1217,Audit_A
Student_1218,Audit_B
Student_1219,Audit_A
Student_1220,Audit_B
Student_1221,Audit_B
Student_1222,Audit_B
Student_1223,Audit_A
Student_1224,Audit_B
Student_1225,Audit_B
Student_1226,Audit_A
Student_1227,Audit_B
Student_1228,Audit_B
Student_1229,Audit_A
Student_1230,Audit_A
Student_1231,Audit_B
Student_1232,Audit_A
Student_1233,Audit_B
Student_1234,Audit_A
Student_1235,Audit_C
Student_1236,Audit_B
Student_1237,Audit_B
Student_1238,Audit_A
Student_1239,Audit_C
Student_1240,Audit_B
Student_1241,Audit_A
Student_1242,Audit_A
Student_1243,Audit_A
Student_1244,Audit_C
Student_1245,Audit_A
Student_1246,Audit_B
Student_1247,Audit_C
Student_1248,Audit_C
Student_1249,Audit_B
Student_1250,Audit_C
Student_1251,Audit_A
Student_1252,Audit_A
Student_1253,Audit_B
Student_1254,Audit_A
Student_1255,Audit_B
Student_1256,Audit_A
Student_1257,Audit_A
Student_1258,Audit_B
Student_1259,Audit_A
Student_1260,Audit_A
Student_1261,Audit_C
Student_1262,Audit_C
Student_1263,Audit_A
Student_1264,Audit_B
Student_1265,Audit_A
Student_1266,Audit_A
Student_1267,Audit_A
Student_1268,Audit_B
Student_1269,Audit_A
Student_1270,Audit_C
Student_1271,Audit_B
Student_1272,Audit_A
Student_1273,Audit_B
Student_1274,Audit_A
Student_1275,Audit_B
Student_1276,Audit_A
Student_1277,Audit_A
Student_1278,Audit_B
Student_1279,Audit_A
Student_1280,Audit_C
Student_1281,Audit_A
Student_1282,Audit_B
Student_1283,Audit_B
Student_1284,Audit_A
Student_1285,Audit_B
Student_1286,Audit_A
Student_1287,Audit_B
Student_1288,Audit_A
Student_1289,Audit_B
Student_1290,Audit_C
Student_1291,Audit_C
Student_1292,Audit_A
Student_1293,Audit_B
Student_1294,Audit_B
Student_1295,Audit_B
Student_1296,Audit_A
Student_1297,Audit_A
Student_1298,Audit_A
Student_1299,Audit_C
Student_1300,Audit_C
Student_1301,Audit_C
Student_1302,Audit_C
Student_1303,Audit_A
Student_1304,Audit_A
Student_1305,Audit_C
Student_1306,Audit_B
Student_1307,Audit_A
Student_1308,Audit_B
Student_1309,Audit_B
Student_1310,Audit_B
Student_1311,Audit_C
Student_1312,Audit_C
Student_1313,Audit_B
Student_1314,Audit_B
Student_1315,Audit_B
Student_1316,Audit_A
Student_1317,Audit_A
Student_1318,Audit_B
Student_1319,Audit_B
Student_1320,Audit_A
Student_1321,Audit_A
Student_1322,Audit_B
Student_1323,Audit_B
Student_1324,Audit_B
Student_1325,Audit_A
Student_1326,Audit_A
Student_1327,Audit_C
Student_1328,Audit_B
Student_1329,Audit_B
Student_1330,Audit_A
Student_1331,Audit_A
Student_1332,Audit_A
Student_1333,Audit_B
Student_1334,Audit_B
Student_1335,Audit_A
Student_1336,Audit_A
Student_1337,Audit_A
Student_1338,Audit_C
Student_1339,Audit_B
Student_1340,Audit_B
Student_1341,Audit_A
Student_1342,Audit_A
Student_1343,Audit_C
Student_1344,Audit_A
Student_1345,Audit_A
Student_1346,Audit_C
Student_1347,Audit_A
Student_1348,Audit_A
Student_1349,Audit_B
Student_1350,Audit_B
Student_1351,Audit_A
Student_1352,Audit_A
Student_1353,Audit_C
Student_1354,Audit_C
Student_1355,Audit_C
Student_1356,Audit_A
Student_1357,Audit_C
Student_1358,Audit_B
Student_1359,Audit_C
Student_1360,Audit_C
Student_1361,Audit_B
Student_1362,Audit_A
Student_1363,Audit_A
Student_1364,Audit_C
Student_1365,Audit_C
Student_1366,Audit_C
Student_1367,Audit_B
Student_1368,Audit_A
Student_1369,Audit_A
Student_1370,Audit_C
Student_1371,Audit_A
Student_1372,Audit_A
Student_1373,Audit_B
Student_1374,Audit_C
Student_1375,Audit_A
Student_1376,Audit_A
Student_1377,Audit_B
Student_1378,Audit_C
Student_1379,Audit_A
Student_1380,Audit_A
Student_1381,Audit_C
Student_1382,Audit_B
Student_1383,Audit_C
Student_1384,Audit_C
Student_1385,Audit_A
Student_1386,Audit_A
Student_1387,Audit_A
Student_1388,Audit_A
Student_1389,Audit_B
Student_1390,Audit_C
Student_1391,Audit_C
Student_1392,Audit_A
Student_1393,Audit_A
Student_1394,Audit_A
Student_1395,Audit_A
Student_1396,Audit_C
Student_1397,Audit_B
Student_1398,Audit_C
Student_1399,Audit_A
Student_1400,Audit_B
Student_1401,Audit_A
Student_1402,Audit_A
Student_1403,Audit_C
Student_1404,Audit_C
Student_1405,Audit_B
Student_1406,Audit_A
Student_1407,Audit_A
Student_1408,Audit_B
Student_1409,Audit_B
Student_1410,Audit_A
Student_1411,Audit_A
Student_1412,Audit_A
Student_1413,Audit_C
Student_1414,Audit_B
Student_1415,Audit_B
Student_1416,Audit_A
Student_1417,Audit_B
Student_1418,Audit_A
Student_1419,Audit_A
Student_1420,Audit_C
Student_1421,Audit_C
Student_1422,Audit_A
Student_1423,Audit_C
Student_1424,Audit_A
Student_1425,Audit_A
Student_1426,Audit_C
Student_1427,Audit_A
Student_1428,Audit_A
Student_1429,Audit_A
Student_1430,Audit_C
Student_1431,Audit_B
Student_1432,Audit_C
Student_1433,Audit_A
Student_1434,Audit_C
Student_1435,Audit_A
Student_1436,Audit_B
Student_1437,Audit_B
Student_1438,Audit_B
Student_1439,Audit_C
Student_1440,Audit_A
Student_1441,Audit_A
Student_1442,Audit_B
Student_1443,Audit_A
Student_1444,Audit_B
Student_1445,Audit_A
Student_1446,Audit_A
Student_1447,Audit_B
Student_1448,Audit_B
Student_1449,Audit_B
Student_1450,Audit_C
Student_1451,Audit_B
Student_1452,Audit_A
Student_1453,Audit_A
Student_1454,Audit_B
Student_1455,Audit_B
Student_1456,Audit_A
Student_1457,Audit_A
Student_1458,Audit_B
Student_1459,Audit_A
Student_1460,Audit_C
Student_1461,Audit_A
Student_1462,Audit_B
Student_1463,Audit_C
Student_1464,Audit_B
Student_1465,Audit_B
Student_1466,Audit_A
Student_1467,Audit_A
Student_1468,Audit_B
Student_1469,Audit_B
Student_1470,Audit_A
Student_1471,Audit_B
Student_1472,Audit_A
Student_1473,Audit_B
Student_1474,Audit_A
Student_1475,Audit_A
Student_1476,Audit_B
Student_1477,Audit_B
Student_1478,Audit_C
Student_1479,Audit_A
Student_1480,Audit_A
Student_1481,Audit_C
Student_1482,Audit_A
Student_1483,Audit_C
Student_1484,Audit_A
Student_1485,Audit_C
Student_1486,Audit_B
Student_1487,Audit_B
Student_1488,Audit_C
Student_1489,Audit_C
Student_1490,Audit_C
Student_1491,Audit_A
Student_1492,Audit_B
Student_1493,Audit_C
Student_1494,Audit_A
Student_1495,Audit_A
Student_1496,Audit_B
Student_1497,Audit_B
Student_1498,Audit_A
Student_1499,Audit_A
Student_1500,Audit_A
Student_1501,Audit_A
Student_1502,Audit_B
Student_1503,Audit_B
Student_1504,Audit_B
Student_1505,Audit_B
Student_1506,Audit_A
Student_1507,Audit_C
Student_1508,Audit_B
Student_1509,Audit_A
Student_1510,Audit_A
Student_1511,Audit_B
Student_1512,Audit_C
Student_1513,Audit_B
Student_1514,Audit_A
Student_1515,Audit_A
Student_1516,Audit_B
Student_1517,Audit_C
Student_1518,Audit_A
Student_1519,Audit_B
Student_1520,Audit_B
Student_1521,Audit_A
Student_1522,Audit_C
Student_1523,Audit_A
Student_1524,Audit_C
Student_1525,Audit_C
Student_1526,Audit_A
Student_1527,Audit_A
Student_1528,Audit_A
Student_1529,Audit_B
Student_1530,Audit_B
Student_1531,Audit_C
Student_1532,Audit_B
Student_1533,Audit_B
Student_1534,Audit_B
Student_1535,Audit_A
Student_1536,Audit_B
Student_1537,Audit_C
Student_1538,Audit_B
Student_1539,Audit_A
Student_1540,Audit_A
Student_1541,Audit_B
Student_1542,Audit_A
Student_1543,Audit_B
Student_1544,Audit_A
Student_1545,Audit_A
Student_1546,Audit_B
Student_1547,Audit_B
Student_1548,Audit_A
Student_1549,Audit_A
Student_1550,Audit_C
Student_1551,Audit_A
Student_1552,Audit_A
Student_1553,Audit_C
Student_1554,Audit_A
Student_1555,Audit_B
Student_1556,Audit_A
Student_1557,Audit_C
Student_1558,Audit_A
Student_1559,Audit_B
Student_1560,Audit_B
Student_1561,Audit_B
Student_1562,Audit_A
Student_1563,Audit_A
Student_1564,Audit_B
Student_1565,Audit_B
Student_1566,Audit_A
Student_1567,Audit_B
Student_1568,Audit_C
Student_1569,Audit_B
Student_1570,Audit_A
Student_1571,Audit_A
Student_1572,Audit_A
Student_1573,Audit_A
Student_1574,Audit_B
Student_1575,Audit_C
Student_1576,Audit_A
Student_1577,Audit_A
Student_1578,Audit_A
Student_1579,Audit_C
Student_1580,Audit_A
Student_1581,Audit_A
Student_1582,Audit_A
Student_1583,Audit_A
Student_1584,Audit_B
Student_1585,Audit_B
Student_1586,Audit_A
Student_1587,Audit_A
Student_1588,Audit_C
Student_1589,Audit_B
Student_1590,Audit_A
Student_1591,Audit_C
Student_1592,Audit_A
Student_1593,Audit_A
Student_1594,Audit_C
Student_1595,Audit_A
Student_1596,Audit_B
Student_1597,Audit_A
Student_1598,Audit_A
Student_1599,Audit_A
Student_1600,Audit_A
Student_1601,Audit_C
Student_1602,Audit_B
Student_1603,Audit_B
Student_1604,Audit_A
Student_1605,Audit_B
Student_1606,Audit_C
Student_1607,Audit_A
Student_1608,Audit_C
Student_1609,Audit_A
Student_1610,Audit_A
Student_1611,Audit_A
Student_1612,Audit_A
Student_1613,Audit_B
Student_1614,Audit_C
Student_1615,Audit_A
Student_1616,Audit_A
Student_1617,Audit_B
Student_1618,Audit_A
Student_1619,Audit_A
Student_1620,Audit_B
Student_1621,Audit_A
Student_1622,Audit_B
Student_1623,Audit_A
Student_1624,Audit_A
Student_1625,Audit_B
Student_1626,Audit_B
Student_1627,Audit_A
Student_1628,Audit_B
Student_1629,Audit_A
Student_1630,Audit_C
Student_1631,Audit_C
Student_1632,Audit_B
Student_1633,Audit_C
Student_1634,Audit_B
Student_1635,Audit_B
Student_1636,Audit_A
Student_1637,Audit_A
Student_1638,Audit_A
Student_1639,Audit_A
Student_1640,Audit_B
Student_1641,Audit_C
Student_1642,Audit_B
Student_1643,Audit_A
Student_1644,Audit_C
Student_1645,Audit_A
Student_1646,Audit_A
Student_1647,Audit_A
Student_1648,Audit_A
Student_1649,Audit_A
Student_1650,Audit_A
Student_1651,Audit_A
Student_1652,Audit_A
Student_1653,Audit_B
Student_1654,Audit_A
Student_1655,Audit_C
Student_1656,Audit_B
Student_1657,Audit_C
Student_1658,Audit_B
Student_1659,Audit_B
Student_1660,Audit_B
Student_1661,Audit_C
Student_1662,Audit_B
Student_1663,Audit_C
Student_1664,Audit_A
Student_1665,Audit_A
Student_1666,Audit_B
Student_1667,Audit_B
Student_1668,Audit_B
Student_1669,Audit_B
Student_1670,Audit_A
Student_1671,Audit_A
Student_1672,Audit_A
Student_1673,Audit_A
Student_1674,Audit_B
Student_1675,Audit_A
Student_1676,Audit_B
Student_1677,Audit_B
Student_1678,Audit_B
Student_1679,Audit_B
Student_1680,Audit_B
Student_1681,Audit_C
Student_1682,Audit_C
Student_1683,Audit_B
Student_1684,Audit_A
Student_1685,Audit_B
Student_1686,Audit_A
Student_1687,Audit_C
Student_1688,Audit_C
Student_1689,Audit_C
Student_1690,Audit_A
Student_1691,Audit_A
Student_1692,Audit_A
Student_1693,Audit_C
Student_1694,Audit_A
Student_1695,Audit_B
Student_1696,Audit_C
Student_1697,Audit_A
Student_1698,Audit_B
Student_1699,Audit_B
Student_1700,Audit_C
Student_1701,Audit_C
Student_1702,Audit_A
Student_1703,Audit_A
Student_1704,Audit_A
Student_1705,Audit_A
Student_1706,Audit_C
Student_1707,Audit_A
Student_1708,Audit_A
Student_1709,Audit_A
Student_1710,Audit_A
Student_1711,Audit_C
Student_1712,Audit_B
Student_1713,Audit_A
Student_1714,Audit_A
Student_1715,Audit_B
Student_1716,Audit_A
Student_1717,Audit_A
Student_1718,Audit_C
Student_1719,Audit_C
Student_1720,Audit_C
Student_1721,Audit_A
Student_1722,Audit_A
Student_1723,Audit_C
Student_1724,Audit_A
Student_1725,Audit_B
Student_1726,Audit_A
Student_1727,Audit_A
Student_1728,Audit_B
Student_1729,Audit_A
Student_1730,Audit_A
Student_1731,Audit_B
Student_1732,Audit_C
Student_1733,Audit_B
Student_1734,Audit_A
Student_1735,Audit_A
Student_1736,Audit_B
Student_1737,Audit_B
Student_1738,Audit_A
Student_1739,Audit_B
Student_1740,Audit_B
Student_1741,Audit_A
Student_1742,Audit_B
Student_1743,Audit_C
Student_1744,Audit_B
Student_1745,Audit_B
Student_1746,Audit_C
Student_1747,Audit_B
Student_1748,Audit_A
Student_1749,Audit_A
Student_1750,Audit_A
Student_1751,Audit_C
Student_1752,Audit_A
Student_1753,Audit_C
Student_1754,Audit_C
Student_1755,Audit_C
Student_1756,Audit_A
Student_1757,Audit_C
Student_1758,Audit_C
Student_1759,Audit_B
Student_1760,Audit_A
Student_1761,Audit_A
Student_1762,Audit_A
Student_1763,Audit_B
Student_1764,Audit_A
Student_1765,Audit_A
Student_1766,Audit_B
Student_1767,Audit_A
Student_1768,Audit_A
Student_1769,Audit_C
Student_1770,Audit_A
Student_1771,Audit_A
Student_1772,Audit_B
Student_1773,Audit_C
Student_1774,Audit_B
Student_1775,Audit_C
Student_1776,Audit_B
Student_1777,Audit_A
Student_1778,Audit_B
Student_1779,Audit_A
Student_1780,Audit_A
Student_1781,Audit_B
Student_1782,Audit_A
Student_1783,Audit_B
Student_1784,Audit_C
Student_1785,Audit_A
Student_1786,Audit_B
Student_1787,Audit_A
Student_1788,Audit_B
Student_1789,Audit_A
Student_1790,Audit_B
Student_1791,Audit_A
Student_1792,Audit_B
Student_1793,Audit_A
Student_1794,Audit_B
Student_1795,Audit_A
Student_1796,Audit_A
Student_1797,Audit_A
Student_1798,Audit_A
Student_1799,Audit_B
Student_1800,Audit_C
Student_1801,Audit_A
Student_1802,Audit_A
Student_1803,Audit_B
Student_1804,Audit_B
Student_1805,Audit_A
Student_1806,Audit_C
Student_1807,Audit_A
Student_1808,Audit_A
Student_1809,Audit_C
Student_1810,Audit_B
Student_1811,Audit_B
Student_1812,Audit_B
Student_1813,Audit_C
Student_1814,Audit_B
Student_1815,Audit_B
Student_1816,Audit_A
Student_1817,Audit_C
Student_1818,Audit_A
Student_1819,Audit_C
Student_1820,Audit_A
Student_1821,Audit_B
Student_1822,Audit_B
Student_1823,Audit_C
Student_1824,Audit_A
Student_1825,Audit_A
Student_1826,Audit_A
Student_1827,Audit_B
Student_1828,Audit_A
Student_1829,Audit_C
Student_1830,Audit_C
Student_1831,Audit_A
Student_1832,Audit_A
Student_1833,Audit_A
Student_1834,Audit_A
Student_1835,Audit_B
Student_1836,Audit_A
Student_1837,Audit_A
Student_1838,Audit_A
Student_1839,Audit_A
Student_1840,Audit_B
Student_1841,Audit_C
Student_1842,Audit_B
Student_1843,Audit_B
Student_1844,Audit_B
Student_1845,Audit_C
Student_1846,Audit_B
Student_1847,Audit_B
Student_1848,Audit_C
Student_1849,Audit_A
Student_1850,Audit_B
Student_1851,Audit_B
Student_1852,Audit_A
Student_1853,Audit_C
Student_1854,Audit_A
Student_1855,Audit_B
Student_1856,Audit_B
Student_1857,Audit_A
Student_1858,Audit_B
Student_1859,Audit_C
Student_1860,Audit_A
Student_1861,Audit_A
Student_1862,Audit_C
Student_1863,Audit_A
Student_1864,Audit_A
Student_1865,Audit_C
Student_1866,Audit_A
Student_1867,Audit_C
Student_1868,Audit_A
Student_1869,Audit_A
Student_1870,Audit_A
Student_1871,Audit_C
Student_1872,Audit_B
Student_1873,Audit_B
Student_1874,Audit_C
Student_1875,Audit_A
Student_1876,Audit_A
Student_1877,Audit_C
Student_1878,Audit_A
Student_1879,Audit_A
Student_1880,Audit_B
Student_1881,Audit_C
Student_1882,Audit_A
Student_1883,Audit_B
Student_1884,Audit_B
Student_1885,Audit_C
Student_1886,Audit_B
Student_1887,Audit_C
Student_1888,Audit_A
Student_1889,Audit_A
Student_1890,Audit_B
Student_1891,Audit_B
Student_1892,Audit_A
Student_1893,Audit_A
Student_1894,Audit_C
Student_1895,Audit_B
Student_1896,Audit_A
Student_1897,Audit_B
Student_1898,Audit_A
Student_1899,Audit_A
Student_1900,Audit_A
Student_1901,Audit_C
Student_1902,Audit_A
Student_1903,Audit_C
Student_1904,Audit_A
Student_1905,Audit_C
Student_1906,Audit_A
Student_1907,Audit_A
Student_1908,Audit_B
Student_1909,Audit_A
Student_1910,Audit_B
Student_1911,Audit_A
Student_1912,Audit_C
Student_1913,Audit_C
Student_1914,Audit_C
Student_1915,Audit_C
Student_1916,Audit_A
Student_1917,Audit_A
Student_1918,Audit_A
Student_1919,Audit_B
Student_1920,Audit_C
Student_1921,Audit_B
Student_1922,Audit_C
Student_1923,Audit_B
Student_1924,Audit_B
Student_1925,Audit_A
Student_1926,Audit_A
Student_1927,Audit_A
Student_1928,Audit_B
Student_1929,Audit_A
Student_1930,Audit_B
Student_1931,Audit_B
Student_1932,Audit_A
Student_1933,Audit_B
Student_1934,Audit_B
Student_1935,Audit_A
Student_1936,Audit_C
Student_1937,Audit_A
Student_1938,Audit_A
Student_1939,Audit_A
Student_1940,Audit_B
Student_1941,Audit_C
Student_1942,Audit_B
Student_1943,Audit_B
Student_1944,Audit_A
Student_1945,Audit_B
Student_1946,Audit_B
Student_1947,Audit_C
Student_1948,Audit_A
Student_1949,Audit_A
Student_1950,Audit_A
Student_1951,Audit_C
Student_1952,Audit_A
Student_1953,Audit_B
Student_1954,Audit_A
Student_1955,Audit_A
Student_1956,Audit_A
Student_1957,Audit_A
Student_1958,Audit_B
Student_1959,Audit_A
Student_1960,Audit_B
Student_1961,Audit_C
Student_1962,Audit_C
Student_1963,Audit_A
Student_1964,Audit_A
Student_1965,Audit_A
Student_1966,Audit_B
Student_1967,Audit_B
Student_1968,Audit_C
Student_1969,Audit_C
Student_1970,Audit_A
Student_1971,Audit_A
Student_1972,Audit_A
Student_1973,Audit_A
Student_1974,Audit_C
Student_1975,Audit_B
Student_1976,Audit_A
Student_1977,Audit_A
Student_1978,Audit_A
Student_1979,Audit_B
Student_1980,Audit_C
Student_1981,Audit_B
Student_1982,Audit_A
Student_1983,Audit_B
Student_1984,Audit_B
Student_1985,Audit_B
Student_1986,Audit_B
Student_1987,Audit_C
Student_1988,Audit_C
Student_1989,Audit_A
Student_1990,Audit_B
Student_1991,Audit_A
Student_1992,Audit_A
Student_1993,Audit_C
Student_1994,Audit_B
Student_1995,Audit_A
Student_1996,Audit_B
Student_1997,Audit_B
Student_1998,Audit_B
Student_1999,Audit_A
Student_2000,Audit_A
Student_2001,Audit_B
Student_2002,Audit_A
Student_2003,Audit_A
Student_2004,Audit_B
Student_2005,Audit_B
Student_2006,Audit_A
Student_2007,Audit_A
Student_2008,Audit_A
Student_2009,Audit_B
Student_2010,Audit_B
Student_2011,Audit_B
Student_2012,Audit_B
Student_2013,Audit_A
Student_2014,Audit_A
Student_2015,Audit_A
Student_2016,Audit_A
Student_2017,Audit_A
Student_2018,Audit_B
Student_2019,Audit_A
Student_2020,Audit_B
Student_2021,Audit_B
Student_2022,Audit_A
Student_2023,Audit_B
Student_2024,Audit_B
Student_2025,Audit_C
Student_2026,Audit_B
Student_2027,Audit_B
Student_2028,Audit_B
Student_2029,Audit_B
Student_2030,Audit_B
Student_2031,Audit_A
Student_2032,Audit_B
Student_2033,Audit_C
Student_2034,Audit_A
Student_2035,Audit_A
Student_2036,Audit_B
Student_2037,Audit_C
Student_2038,Audit_A
Student_2039,Audit_A
Student_2040,Audit_B
Student_2041,Audit_C
Student_2042,Audit_A
Student_2043,Audit_B
Student_2044,Audit_B
Student_2045,Audit_C
Student_2046,Audit_B
Student_2047,Audit_A
Student_2048,Audit_C
Student_2049,Audit_C
Student_2050,Audit_C
Student_2051,Audit_B
Student_2052,Audit_A
Student_2053,Audit_A
Student_2054,Audit_A
Student_2055,Audit_A
Student_2056,Audit_A
Student_2057,Audit_B
Student_2058,Audit_B
Student_2059,Audit_A
Student_2060,Audit_C
Student_2061,Audit_B
Student_2062,Audit_C
Student_2063,Audit_C
Student_2064,Audit_C
Student_2065,Audit_A
Student_2066,Audit_B
Student_2067,Audit_A
Student_2068,Audit_C
Student_2069,Audit_A
Student_2070,Audit_A
Student_2071,Audit_C
Student_2072,Audit_A
Student_2073,Audit_B
Student_2074,Audit_A
Student_2075,Audit_B
Student_2076,Audit_C
Student_2077,Audit_C
Student_2078,Audit_A
Student_2079,Audit_B
Student_2080,Audit_B
Student_2081,Audit_A
Student_2082,Audit_B
Student_2083,Audit_B
Student_2084,Audit_C
Student_2085,Audit_A
Student_2086,Audit_B
Student_2087,Audit_B
Student_2088,Audit_B
Student_2089,Audit_A
Student_2090,Audit_B
Student_2091,Audit_A
Student_2092,Audit_A
Student_2093,Audit_B
Student_2094,Audit_A
Student_2095,Audit_C
Student_2096,Audit_C
Student_2097,Audit_A
Student_2098,Audit_A
Student_2099,Audit_B
Student_2100,Audit_A
Student_2101,Audit_B
Student_2102,Audit_C
Student_2103,Audit_A
Student_2104,Audit_A
Student_2105,Audit_C
Student_2106,Audit_A
Student_2107,Audit_A
Student_2108,Audit_B
Student_2109,Audit_B
Student_2110,Audit_B
Student_2111,Audit_A
Student_2112,Audit_A
Student_2113,Audit_A
Student_2114,Audit_C
Student_2115,Audit_A
Student_2116,Audit_B
Student_2117,Audit_A
Student_2118,Audit_A
Student_2119,Audit_A
Student_2120,Audit_B
Student_2121,Audit_C
Student_2122,Audit_A
Student_2123,Audit_B
Student_2124,Audit_C
Student_2125,Audit_A
Student_2126,Audit_A
Student_2127,Audit_B
Student_2128,Audit_A
Student_2129,Audit_A
Student_2130,Audit_B
Student_2131,Audit_A
Student_2132,Audit_C
Student_2133,Audit_A
Student_2134,Audit_A
Student_2135,Audit_C
Student_2136,Audit_C
Student_2137,Audit_B
Student_2138,Audit_B
Student_2139,Audit_C
Student_2140,Audit_B
Student_2141,Audit_B
Student_2142,Audit_C
Student_2143,Audit_C
Student_2144,Audit_C
Student_2145,Audit_B
Student_2146,Audit_B
Student_2147,Audit_A
Student_2148,Audit_B
Student_2149,Audit_B
Student_2150,Audit_B
Student_2151,Audit_A
Student_2152,Audit_C
Student_2153,Audit_A
Student_2154,Audit_A
Student_2155,Audit_A
Student_2156,Audit_B
Student_2157,Audit_B
Student_2158,Audit_A
Student_2159,Audit_A
Student_2160,Audit_B
Student_2161,Audit_C
Student_2162,Audit_A
Student_2163,Audit_A
Student_2164,Audit_B
Student_2165,Audit_C
Student_2166,Audit_C
Student_2167,Audit_B
Student_2168,Audit_B
Student_2169,Audit_C
Student_2170,Audit_A
Student_2171,Audit_B
Student_2172,Audit_B
Student_2173,Audit_A
Student_2174,Audit_B
Student_2175,Audit_C
Student_2176,Audit_C
Student_2177,Audit_A
Student_2178,Audit_A
Student_2179,Audit_B
Student_2180,Audit_C
Student_2181,Audit_A
Student_2182,Audit_A
Student_2183,Audit_A
Student_2184,Audit_A
Student_2185,Audit_B
Student_2186,Audit_C
Student_2187,Audit_A
Student_2188,Audit_B
Student_2189,Audit_A
Student_2190,Audit_C
Student_2191,Audit_B
Student_2192,Audit_A
Student_2193,Audit_A
Student_2194,Audit_B
Student_2195,Audit_A
Student_2196,Audit_B
Student_2197,Audit_C
Student_2198,Audit_B
Student_2199,Audit_C
Student_2200,Audit_A
